<?xml version="1.0" encoding="UTF-8"?>
<mule xmlns:doc="http://www.mulesoft.org/schema/mule/documentation" xmlns="http://www.mulesoft.org/schema/mule/core" xmlns:apikit="http://www.mulesoft.org/schema/mule/apikit" xmlns:http="http://www.mulesoft.org/schema/mule/http" xmlns:spring="http://www.springframework.org/schema/beans" xmlns:xsi="http://www.w3.org/2001/XMLSchema-instance" xsi:schemaLocation="http://www.mulesoft.org/schema/mule/core http://www.mulesoft.org/schema/mule/core/current/mule.xsd
http://www.mulesoft.org/schema/mule/http http://www.mulesoft.org/schema/mule/http/current/mule-http.xsd
http://www.mulesoft.org/schema/mule/apikit http://www.mulesoft.org/schema/mule/apikit/current/mule-apikit.xsd
http://www.springframework.org/schema/beans http://www.springframework.org/schema/beans/spring-beans-3.1.xsd">
    <http:listener-config name="orchard-httpListenerConfig" host="localhost" port="8099" doc:name="HTTP Listener Configuration"/>
    <apikit:config name="orchard-config" raml="orchard.raml" consoleEnabled="false" doc:name="Router"/>
    <flow name="orchard-main">
        <http:listener config-ref="orchard-httpListenerConfig" path="/api/*" doc:name="HTTP"/>
        <apikit:router config-ref="orchard-config" doc:name="APIkit Router"/>
        <exception-strategy ref="orchard-apiKitGlobalExceptionMapping" doc:name="Reference Exception Strategy"/>
    </flow>
    <flow name="orchard-console">
        <http:listener config-ref="orchard-httpListenerConfig" path="/console/*" doc:name="HTTP"/>
        <apikit:console config-ref="orchard-config" doc:name="APIkit Console"/>
    </flow>
    <flow name="get:/campusMind:orchard-config">
        <set-payload value="[&#xA;  {&#xA;  &quot;campusmindMid&quot;: 11, &#xA;  &quot;campusmindname&quot;: &quot;geetha&quot;, &#xA;  &quot;cTrack&quot;: &quot;Eai&quot;&#xA;  }&#xA; ]" doc:name="Set Payload"/>
    </flow>
    <flow name="get:/leads:orchard-config">
        <set-payload value="[&#xA;  {&#xA;   &quot;leadMid&quot;: 1, &#xA;   &quot;leadname&quot;: &quot;monica&quot;&#xA;   }&#xA;]" doc:name="Set Payload"/>
    </flow>
    <flow name="get:/orchards:orchard-config">
        <set-payload value="[ &#xA;  {&#xA;  &quot;trackid&quot;: 1, &#xA;  &quot;trackname&quot;: &quot;EAI&quot;&#xA;   }&#xA;]" doc:name="Set Payload"/>
    </flow>
    <flow name="get:/orchards/{ID}:orchard-config">
        <set-payload value="{&#xA;&quot;trackid&quot; : 1,&#xA;&quot;trackname&quot; : &quot;EAI&quot;&#xA;}" doc:name="Set Payload"/>
    </flow>
    <flow name="get:/leads/{ID}:orchard-config">
        <set-payload value="{&#xA;&quot;leadMid&quot; : 1,&#xA;&quot;leadname&quot; : &quot;monica&quot;&#xA;}" doc:name="Set Payload"/>
    </flow>
    <flow name="get:/campusMind/{ID}:orchard-config">
        <set-payload value="{&#xA;&quot;campusmindMid&quot; : 11,&#xA;&quot;campusmindname&quot; : &quot;geetha&quot;,&#xA;&quot;cTrack&quot; : &quot;Eai&quot;&#xA;}" doc:name="Set Payload"/>
    </flow>
    <flow name="post:/campusMind:orchard-config">
        <set-property propertyName="Content-Type" value="application/json" doc:name="Property"/>
        <set-payload value="{&#xA;&quot;message&quot; : &quot;campusmind is added (but not really)&quot;&#xA;}" doc:name="Set Payload"/>
    </flow>
    <flow name="post:/leads:orchard-config">
        <set-property propertyName="Content-Type" value="application/json" doc:name="Property"/>
        <set-payload value="{&#xA;&quot;message&quot; : &quot;lead is added (but not really)&quot;&#xA;}" doc:name="Set Payload"/>
    </flow>
    <flow name="post:/orchards:orchard-config">
        <set-property propertyName="Content-Type" value="application/json" doc:name="Property"/>
        <set-payload value="{&#xA;&quot;message&quot; : &quot;track is added (but not really)&quot;&#xA;}" doc:name="Set Payload"/>
    </flow>
    <apikit:mapping-exception-strategy name="orchard-apiKitGlobalExceptionMapping">
        <apikit:mapping statusCode="404">
            <apikit:exception value="org.mule.module.apikit.exception.NotFoundException" />
            <set-property propertyName="Content-Type" value="application/json" doc:name="Property"/>
            <set-payload value="{ &quot;message&quot;: &quot;Resource not found&quot; }" doc:name="Set Payload"/>
        </apikit:mapping>
        <apikit:mapping statusCode="405">
            <apikit:exception value="org.mule.module.apikit.exception.MethodNotAllowedException" />
            <set-property propertyName="Content-Type" value="application/json" doc:name="Property"/>
            <set-payload value="{ &quot;message&quot;: &quot;Method not allowed&quot; }" doc:name="Set Payload"/>
        </apikit:mapping>
        <apikit:mapping statusCode="415">
            <apikit:exception value="org.mule.module.apikit.exception.UnsupportedMediaTypeException" />
            <set-property propertyName="Content-Type" value="application/json" doc:name="Property"/>
            <set-payload value="{ &quot;message&quot;: &quot;Unsupported media type&quot; }" doc:name="Set Payload"/>
        </apikit:mapping>
        <apikit:mapping statusCode="406">
            <apikit:exception value="org.mule.module.apikit.exception.NotAcceptableException" />
            <set-property propertyName="Content-Type" value="application/json" doc:name="Property"/>
            <set-payload value="{ &quot;message&quot;: &quot;Not acceptable&quot; }" doc:name="Set Payload"/>
        </apikit:mapping>
        <apikit:mapping statusCode="400">
            <apikit:exception value="org.mule.module.apikit.exception.BadRequestException" />
            <set-property propertyName="Content-Type" value="application/json" doc:name="Property"/>
            <set-payload value="{ &quot;message&quot;: &quot;Bad request&quot; }" doc:name="Set Payload"/>
        </apikit:mapping>
    </apikit:mapping-exception-strategy>
</mule>
